{
  "project_info": {
    "project_number": "437596963580",
    "firebase_url": "https://donationapp-5cac7-default-rtdb.firebaseio.com",
    "project_id": "donationapp-5cac7",
    "storage_bucket": "donationapp-5cac7.appspot.com"
  },
  "client": [
    {
      "client_info": {
        "mobilesdk_app_id": "1:437596963580:android:2354055810046973cf4d79",
        "android_client_info": {
          "package_name": "com.example.myapplication"
        }
      },
      "oauth_client": [
        {
          "client_id": "437596963580-f9u3at8c2vpg4buuisole2cauo86c6lh.apps.googleusercontent.com",
          "client_type": 3
        }
      ],
      "api_key": [
        {
          "current_key": "AIzaSyBFxFEPSodjxLXaBmWbaJJvieatvtdycnc"
        }
      ],
      "services": {
        "appinvite_service": {
          "other_platform_oauth_client": [
            {
              "client_id": "437596963580-f9u3at8c2vpg4buuisole2cauo86c6lh.apps.googleusercontent.com",
              "client_type": 3
            }
          ]
        }
      }
    }
  ],
  "configuration_version": "1"
}